the;11;14,286%
of;5;6,494%
computer;4;5,195%
program;4;5,195%
a;3;3,896%
be;3;3,896%
binary;3;3,896%
is;3;3,896%
representation;3;3,896%
and;2;2,597%
can;2;2,597%
code;2;2,597%
executed;2;2,597%
files;2;2,597%
high;2;2,597%
it;2;2,597%
level;2;2,597%
on;2;2,597%
one;2;2,597%
or;2;2,597%
programmer;2;2,597%
programs;2;2,597%
source;2;2,597%
to;2;2,597%
which;2;2,597%
with;2;2,597%
As;1;1,299%
In;1;1,299%
Receiving;1;1,299%
This;1;1,299%
When;1;1,299%
almost;1;1,299%
always;1;1,299%
by;1;1,299%
called;1;1,299%
central;1;1,299%
commands;1;1,299%
compiler;1;1,299%
compilers;1;1,299%
containing;1;1,299%
control;1;1,299%
convert;1;1,299%
could;1;1,299%
created;1;1,299%
creates;1;1,299%
done;1;1,299%
executables;1;1,299%
for;1;1,299%
from;1;1,299%
in;1;1,299%
language;1;1,299%
languages;1;1,299%
loaded;1;1,299%
main;1;1,299%
more;1;1,299%
necessary;1;1,299%
operating;1;1,299%
order;1;1,299%
original;1;1,299%
processing;1;1,299%
programming;1;1,299%
result;1;1,299%
resulting;1;1,299%
run;1;1,299%
saves;1;1,299%
several;1;1,299%
stored;1;1,299%
system;1;1,299%
text;1;1,299%
that;1;1,299%
transformation;1;1,299%
unit;1;1,299%
uses;1;1,299%
using;1;1,299%
was;1;1,299%
work;1;1,299%
writing;1;1,299%
